,PathNum,Target,+ Rate,Limit,Avg T (+),SD T (+),Avg T (after -),SD T (after -),Avg D (+),SD D (+),PathEucDist,Avg D (after -),SD D (after -),Avg S (+),SD S (+),Max S (+),Min S (+),Avg S (after -),SD S (after -)
0,1.0,gorilla,1.0,332.0,153.03568172454834,94.87875224262335,,,730.6576227967162,456.38670385195223,263.87163616614805,,,4.7636976482695275,0.08320712386590626,4.839480288566759,4.644971243244976,,
1,2.0,johny patisserie,1.0,383.0,141.1542493700981,62.85956973537179,,,665.5039296397059,277.3871342878092,409.8719789641639,,,4.75220654681975,0.13102234645409552,4.882476456339824,4.59954071046094,,
2,3.0,foxes,1.0,152.0,48.62608730792999,1.8730978331415238,,,233.06264309585958,4.335298569425964,184.84568189979444,,,4.795755874215525,0.10122185457446645,4.902145412849986,4.658162236709679,,
3,4.0,banque strechnitz,1.0,394.0,110.10415750741959,24.924729955330463,,,485.7875597420629,81.32804046187492,284.4347483290324,,,4.463246953000414,0.35064018677904973,4.816736740843939,4.044214885926111,,
4,5.0,no graffiti,0.75,268.0,116.58212121327718,75.65367584534503,96.6825304031372,,551.7512310653325,337.1710791844742,298.54256432374933,477.14478076858217,,4.803572118233562,0.16394201388801163,4.906794790604375,4.614535188183228,4.935170591615996,
5,6.0,bear,1.0,332.0,110.2244331240654,12.127923407104559,,,537.4249601631217,56.5148211005129,297.6254495905886,,,4.8779030946457596,0.057624765302197,4.935224442561923,4.807564601149773,,
6,7.0,shark,0.75,234.0,85.26514506340025,70.2353525712188,76.71227025985719,,368.9793198618998,342.0794931567023,163.2277077091999,372.61182961225757,,4.221457405723274,1.0166643019409736,4.979311782876028,3.066096794299879,4.857265054861006,
7,8.0,book,0.5,305.0,60.81848347187042,2.7412959332952545,55.55506515502929,21.894007211564283,294.4968232629784,13.841990896700343,147.9538457898273,276.23177519192876,113.76145494850107,4.842014996090857,0.009349047304423961,4.848625770837449,4.835404221344265,4.9533738616117615,0.09562137828432002
8,9.0,windmill,1.0,300.0,150.05769687891006,84.09761951526227,,,715.9098858377772,375.26173525954886,460.5850046408372,,,4.824647849186555,0.14664854415180756,4.95745154030865,4.621123230931089,,
