Subject,HierarchyIndex
1005.0,3.2859601224172716
1008.0,2.8132230518256156
1010.0,3.183964058510738
1011.0,2.611359548876704
1013.0,3.2104399118032263
1017.0,2.4917833130651124
1021.0,2.8599842006435283
1023.0,3.3455794504161784
