Subject,HierarchyIndex
1005.0,2.8428300761451526
1008.0,2.9780608138960685
1010.0,2.8069761855321183
1011.0,2.883845768688046
1013.0,3.7086884793776953
1017.0,2.65609050074193
1021.0,2.7254973544437155
1023.0,2.6440722271362853
