Subject,Eigenvalue,Complete Edges,C1 Edges,C2 Edges,Cut Edges,Total Nodes,C1 Nodes,C2 Nodes,Complete Degree,C1 Degree,C2 Degree,Complete Density,C1 Density,C2 Density
1008.0,0.2055027133433948,1091.0,262.0,769.0,60.0,241.0,80.0,161.0,9.053941908713693,6.55,9.5527950310559,0.03772475795297372,0.08291139240506329,0.05970496894409938
1010.0,0.20825364042765662,1043.0,319.0,663.0,61.0,240.0,99.0,141.0,8.691666666666666,6.444444444444445,9.404255319148936,0.03636680613668061,0.06575963718820861,0.06717325227963526
1011.0,0.1954630425262363,1002.0,229.0,725.0,48.0,242.0,81.0,161.0,8.28099173553719,5.654320987654321,9.006211180124224,0.034360961558245605,0.07067901234567901,0.0562888198757764
1013.0,0.14760050929636712,1003.0,233.0,731.0,39.0,239.0,76.0,163.0,8.393305439330543,6.131578947368421,8.969325153374234,0.035265989240884636,0.08175438596491227,0.05536620465045823
1017.0,0.30039702342282665,1151.0,455.0,596.0,100.0,242.0,110.0,132.0,9.512396694214877,8.272727272727273,9.030303030303031,0.03947052570213642,0.07589658048373644,0.06893361091834374
1069.0,0.14616070973822165,934.0,188.0,701.0,45.0,239.0,77.0,162.0,7.815899581589958,4.883116883116883,8.654320987654321,0.032839914208361166,0.06425153793574846,0.053753546507169694
1072.0,0.40645343661306327,1439.0,305.0,1042.0,92.0,240.0,77.0,163.0,11.991666666666667,7.922077922077922,12.785276073619633,0.050174337517433755,0.10423786739576213,0.07892145724456563
