Subject,Eigenvalue,Complete Edges,C1 Edges,C2 Edges,Cut Edges,Total Nodes,C1 Nodes,C2 Nodes,Complete Degree,C1 Degree,C2 Degree,Complete Density,C1 Density,C2 Density
1005.0,0.47635546507095927,1304.0,469.0,713.0,122.0,238.0,105.0,133.0,10.957983193277311,8.933333333333334,10.721804511278195,0.0462362160053895,0.0858974358974359,0.08122579175210755
1008.0,0.6106720935664722,1789.0,512.0,1114.0,163.0,241.0,90.0,151.0,14.846473029045644,11.377777777777778,14.754966887417218,0.06186030428769018,0.1278401997503121,0.09836644591611479
1010.0,0.4541796435834794,1544.0,439.0,1004.0,101.0,240.0,93.0,147.0,12.866666666666667,9.440860215053764,13.65986394557823,0.05383542538354254,0.10261804581580178,0.09356071195601529
1011.0,0.4020877292668898,1503.0,361.0,1043.0,99.0,242.0,85.0,157.0,12.421487603305785,8.494117647058824,13.286624203821656,0.051541442337368404,0.10112044817927171,0.08517066797321575
1013.0,0.3271205306184062,1436.0,1009.0,355.0,72.0,240.0,163.0,77.0,11.966666666666667,12.38036809815951,9.220779220779221,0.0500697350069735,0.07642202529728093,0.12132604237867396
1017.0,0.4517233300971417,1453.0,688.0,630.0,135.0,242.0,127.0,115.0,12.008264462809917,10.834645669291339,10.956521739130435,0.04982682349713659,0.08598925134358205,0.09610983981693363
1021.0,0.4523454093750354,1338.0,429.0,795.0,114.0,237.0,98.0,139.0,11.291139240506329,8.755102040816327,11.43884892086331,0.047843810341128515,0.09025878392594151,0.08289020957147325
1023.0,0.6231952565243281,1690.0,907.0,623.0,160.0,240.0,137.0,103.0,14.083333333333334,13.24087591240876,12.097087378640778,0.05892608089260809,0.09735938170888793,0.11859889586902722
