,PathNum,Target,+ Rate,Limit,Avg T (+),SD T (+),Avg T (after -),SD T (after -),Avg D (+),SD D (+),PathEucDist,Avg D (after -),SD D (after -),Avg S (+),SD S (+),Max S (+),Min S (+),Avg S (after -),SD S (after -)
0,1.0,gorilla,1.0,332.0,126.49865955114365,32.19979648233449,,,514.4603525812646,94.88569215891785,263.87163616614805,,,4.197687805662073,0.8592907864380719,4.810577356422081,2.9294961242248534,,
1,2.0,johny patisserie,1.0,383.0,141.86225098371506,39.61313909184105,,,601.409104521188,178.24843545759765,409.8719789641639,,,4.307675668254958,0.8021320972999179,4.887076720659555,3.1204669866930486,,
2,3.0,foxes,1.0,152.0,56.0556600689888,15.612703134920833,,,220.1576846874948,13.263490178701064,184.84568189979444,,,4.096984829042233,0.823507713675906,4.65707092083775,2.904739773765173,,
3,4.0,banque strechnitz,1.0,394.0,170.79326212406158,109.04563793723202,,,715.6007003714969,561.9289404842569,284.4347483290324,,,4.171159458980211,1.1162000154810707,4.807597448099291,2.5007897569181265,,
4,5.0,no graffiti,1.0,268.0,88.30593627691269,30.007489893320475,,,350.2726919264768,5.071917488343397,298.54256432374933,,,4.248465091842265,1.109956494665897,4.960094946750089,2.5995734281321163,,
5,6.0,bear,1.0,332.0,152.84330260753632,51.42517864183286,,,621.8468160733671,149.93038773341823,297.6254495905886,,,4.255335129874697,0.9160218962021149,4.883302830992817,2.907698217930406,,
6,7.0,shark,0.75,234.0,51.58991034825643,27.855672409426926,76.389404296875,,220.27090253313088,89.75916477796464,163.2277077091999,304.55812231759614,,4.455342498997875,0.5237738466046603,4.87826397263475,3.8694593900651997,3.986915791802493,
7,8.0,book,1.0,305.0,109.44185400009155,42.877062462207356,,,473.81716178307653,213.6630896446723,147.9538457898273,,,4.342069715866639,0.84304404116641,4.907199348927129,3.093819157743766,,
8,9.0,windmill,1.0,300.0,128.74541062116623,37.44693686216558,,,525.6495360524899,84.19895524672086,460.5850046408372,,,4.282765814412646,1.0098777822749732,4.940766887770951,2.7990975973751646,,
