SubjectID,Sessions,ET_Sessions,Total Rows Combined,Removed Body Hits,Removed Graffiti Hits,Replaced NoHouse Hits,DataLoss BitMask,DataLoss NoHits,DataLoss Combined
1005,5,3,993681,0,29607,63099,0.03253961784516359,0.005190800669430129,0.037730418514593723
1008,5,3,980188,0,75707,125327,0.10317306475900541,0.007535289148612307,0.11070835390761771
1010,5,4,977793,0,128780,184283,0.07080230682772325,0.013573425050087289,0.08437573187781053
1011,5,4,1016710,0,167924,239238,0.02354555379606771,0.00413097146678994,0.02767652526285765
1013,5,3,1020724,0,216908,302749,0.011016690114075892,0.004189183363965185,0.015205873478041077
1017,5,5,988146,0,281697,360246,0.017345614919252822,0.008340872705045611,0.025686487624298433
1021,5,4,987175,0,312946,415377,0.013367437384455644,0.006506445159166308,0.019873882543621952
1023,5,3,1008243,0,360818,484467,0.03166399369993147,0.0030290316917647828,0.034693025391696254
