SubjectID,Sessions,ET_Sessions,Total Rows Combined,Removed Body Hits,Removed Graffiti Hits,Replaced NoHouse Hits,DataLoss BitMask,DataLoss NoHits,DataLoss Combined,Condensed Size,Removed rows,Removed rows (%),Gazes,Noise,Gaze2Noise
1005,5,3,993681,0,29607,63099,0.032539617845163585,0.005190800669430129,0.03773041851459372,49279.0,1504.0,0.029616210149065632,6508.932598590851,2182.4692990779877,2.982370749197083
1008,5,3,980188,0,75707,125327,0.1031730647590054,0.007535289148612306,0.11070835390761773,56463.0,1864.0,0.03195775541344489,6255.555491924286,2461.146534204483,2.541724113126109
1010,5,4,977793,0,128780,184283,0.07080230682772325,0.013573425050087287,0.08437573187781053,55019.0,3758.0,0.06393657382989945,6007.392439842224,2437.1510124206543,2.4649241713895664
1011,5,4,1016710,0,167924,239238,0.02354555379606771,0.00413097146678994,0.02767652526285765,42959.0,1252.0,0.02831874420393115,7242.92233300209,1690.598240852356,4.2842362886586205
1013,5,3,1020724,0,216908,302749,0.011016690114075892,0.004189183363965185,0.015205873478041075,52009.0,1406.0,0.026322194140222785,6618.499765872955,2183.327577114105,3.0313819306130894
1017,5,5,988146,0,281697,360246,0.017345614919252822,0.008340872705045611,0.025686487624298437,38424.0,1704.0,0.042464114832535885,7089.916288137436,1525.3180408477783,4.648156055504876
1021,5,4,987175,0,312946,415377,0.013367437384455644,0.006506445159166308,0.019873882543621952,43535.0,1778.0,0.039238187716549335,6773.899717092514,1868.367910861969,3.6255705729646066
1023,5,3,1008243,0,360818,484467,0.03166399369993147,0.0030290316917647828,0.03469302539169625,55387.0,1044.0,0.018500469600042528,6288.830770254135,2490.938050508499,2.5246837306814336
