SubjectID,Sessions,ET_Sessions,Total Rows Combined,Removed Body Hits,Removed Graffiti Hits,Replaced NoHouse Hits,DataLoss BitMask,DataLoss NoHits,DataLoss Combined
1005,5,3,1700891,53805,51788,110132,0.033183784263659456,0.015267880187501727,0.04845166445116118
1008,5,3,1691157,102720,133041,216759,0.1048501114917184,0.016673791966091853,0.12152390345781025
1010,5,4,1689861,137341,226392,317930,0.07131355774232319,0.019904003938785497,0.09121756168110869
1011,5,4,1701299,194216,293552,409870,0.024054560662176372,0.013760073919987022,0.037814634582163394
1013,5,3,1739450,257745,379036,519456,0.011253557158872057,0.01589065509212682,0.027144212250998875
1017,5,5,1695781,296825,492034,617438,0.01785077200416799,0.013985296450426087,0.03183606845459408
1021,5,4,1690477,352754,546957,714416,0.013621007561771026,0.0168579637581582,0.030478971319929226
1023,5,3,1728457,409983,630808,832803,0.03215816187501338,0.013896787712971743,0.046054949587985124
