SubjectID,Sessions,ET_Sessions,Total Rows Combined,Removed Body Hits,Removed Graffiti Hits,Replaced NoHouse Hits,DataLoss BitMask,DataLoss NoHits,DataLoss Combined,Condensed Size,Removed rows,Removed rows (%)
1005,5,3,1700891,53805,51788,110132,0.033183784263659456,0.015267880187501729,0.04845166445116118,49509.0,5112.0,0.09359037732740155
1008,5,3,1691157,102720,133041,216759,0.1048501114917184,0.016673791966091853,0.12152390345781025,56624.0,4790.0,0.07799524538378871
1010,5,4,1689861,137341,226392,317930,0.07131355774232319,0.019904003938785497,0.09121756168110867,55142.0,5796.0,0.09511306573894779
1011,5,4,1701299,194216,293552,409870,0.02405456066217637,0.013760073919987022,0.037814634582163394,43198.0,3836.0,0.08155802185652931
1013,5,3,1739450,257745,379036,519456,0.011253557158872057,0.01589065509212682,0.027144212250998875,52203.0,5116.0,0.08925487185749925
1017,5,5,1695781,296825,492034,617438,0.01785077200416799,0.013985296450426088,0.03183606845459408,38569.0,3140.0,0.07528351195185691
1021,5,4,1690477,352754,546957,714416,0.013621007561771026,0.0168579637581582,0.030478971319929226,43790.0,4982.0,0.10214877388665627
1023,5,3,1728457,409983,630808,832803,0.03215816187501338,0.013896787712971743,0.04605494958798512,55542.0,4614.0,0.07670057849591064
